{"cameraMode":{"drawMode":0,"name":"Shaded","section":"Shading Mode"},"sceneLighting":false,"audioPlay":false,"sceneViewState":{"showFog":true,"showMaterialUpdate":false,"showSkybox":true,"showFlares":true,"showImageEffects":true,"showParticleSystems":true},"in2DMode":false,"pivot":{"x":1.4989999532699586,"y":0.7549999952316284,"z":-8.718999862670899},"rotation":{"x":-0.18228408694267274,"y":0.003537987358868122,"z":-0.000655303883831948,"w":-0.9832393527030945},"size":1.042893409729004,"orthographic":false}